{"cameraMode":{"drawMode":0,"name":"Shaded","section":"Shading Mode"},"sceneLighting":true,"audioPlay":false,"sceneViewState":{"showFog":true,"showMaterialUpdate":false,"showSkybox":true,"showFlares":true,"showImageEffects":true,"showParticleSystems":true},"in2DMode":false,"pivot":{"x":7.676110744476318,"y":-18.143699645996095,"z":10.068880081176758},"rotation":{"x":0.31072357296943667,"y":-0.0890822559595108,"z":0.029264483600854875,"w":0.9458640813827515},"size":7.9086833000183109,"orthographic":false}